Thr_F,Thr_UF,N,Pearson_r,Pearson_p,Spearman_rho,Spearman_p
0.15,0.45,36,-0.04238730734841165,0.8061014228121649,0.2906797212719233,0.0854533441975819
0.15,0.47,36,-0.040379246287918315,0.8151244224175763,0.29776005106375497,0.07777197805264108
0.15,0.49,36,-0.037889573048034544,0.8263439723746856,0.28256952532855256,0.09495736722408778
0.15,0.51,36,-0.037951897081506335,0.8260626897709001,0.2883625224309602,0.08809046463348422
0.15,0.53,36,-0.02927888867060173,0.8653957587411483,0.29389805299548316,0.08189228443638372
0.15,0.55,36,-0.017803918852818155,0.9179141175841526,0.3071575796965496,0.0684188758767576
0.15,0.57,36,-0.0026320539215433595,0.9878447086096791,0.33161690079560424,0.04817861175598456
0.15,0.59,36,-0.004208100273498759,0.9805673645626093,0.34152936250416854,0.04148866928122074
0.15,0.61,36,-0.0021886068103787945,0.9898925107111486,0.377059744732269,0.023395307164451963
0.15,0.63,36,0.0043682334236006155,0.9798280315585178,0.37242534705034286,0.02529647475314963
0.15,0.65,36,0.0046341750386172005,0.9786002188877795,0.3690782820578406,0.026747490211166767
0.15,0.67,36,0.007873712610148088,0.9636484764485124,0.36186921899706664,0.03010655611729028
0.15,0.69,36,0.016221503647681948,0.9251884672770779,0.3810504760694832,0.021854538509291876
0.15,0.71,36,0.0217961055336143,0.8995925071195388,0.3686920822510134,0.026919243654811853
0.15,0.73,36,0.03163274197379462,0.8546851391571436,0.3399845632768598,0.04247880124398805
0.15,0.75,36,0.033102847324079705,0.8480086202801325,0.36418641783802963,0.028991066238858713
0.15,0.77,36,0.0356680469279795,0.8363838764732741,0.35929455361821877,0.03138704766955316
0.15,0.79,36,0.03044750903107898,0.8600751709143408,0.3663748834100504,0.027968958418931236
0.15,0.81,36,0.056001259949087376,0.7456322086819782,0.3822090754899647,0.02142334943912193
0.15,0.83,36,-0.009163933386804749,0.9576967163339662,0.29338311991971355,0.0824541955905248
0.15,0.85,36,-0.0432648166134633,0.8021660870649817,0.23287848351678886,0.17167637707385724
0.15,0.87,36,-0.023462422060467305,0.8919597169512419,0.2720133972752763,0.10851385365945257
0.15,0.89,36,0.021203248292294922,0.9023103470697841,0.32389290465906073,0.053969679225833636
0.15,0.91,35,0.08329974142990212,0.6342605187091582,0.2777894576981922,0.10615467758927388
0.15,0.93,35,0.32538432779832965,0.05647422102160751,0.45443721672866144,0.006098508986279117
0.15,0.95,27,0.06665418939033686,0.7411549048747512,0.21251909387653858,0.2872175915556356
0.17,0.45,37,0.21176673675147667,0.20830378922728565,0.35617738729692555,0.03048737688071154
0.17,0.47,37,0.21410935333375058,0.203198038373204,0.3565330904134005,0.03031004565085403
0.17,0.49,37,0.21632815800728908,0.1984431115697945,0.3692198349010074,0.024517701531111907
0.17,0.51,37,0.2186871820281037,0.193473627920126,0.36163150174954156,0.027860059631667614
0.17,0.53,37,0.2294864046595916,0.17183996241049485,0.357363064351842,0.029899566132293498
0.17,0.55,37,0.2436944809791888,0.14609204921361849,0.37206545983280703,0.02335323310110146
0.17,0.57,37,0.2626646939323692,0.11627333764443697,0.41249704740546067,0.011177428741334627
0.17,0.59,37,0.2579965854473251,0.12314633028679885,0.43751483326419954,0.0067698996222050325
0.17,0.61,37,0.2561972400357816,0.1258750230772165,0.44036045819599917,0.006379540256807397
0.17,0.63,37,0.2562960553869087,0.12572401145024864,0.4410718644289491,0.006285032161580436
0.17,0.65,37,0.2557092454169159,0.12662276832350025,0.4424946768948489,0.0060996249830027405
0.17,0.67,37,0.25199732868630337,0.13241907471407305,0.4510315516902479,0.005083076033585669
0.17,0.69,37,0.2709303732806225,0.10481623095491478,0.44664454658705677,0.0055855035015822925
0.17,0.71,37,0.280194493003366,0.09301692017018792,0.43585488538731626,0.007006951373011245
0.17,0.73,37,0.28992612137165935,0.0817488830907537,0.4056201204869448,0.012748719425794527
0.17,0.75,37,0.2996170125404567,0.0716101239202986,0.4225753023722512,0.009173343317282553
0.17,0.77,37,0.30130195684481353,0.06995255400533476,0.4186625680910267,0.009911599259891905
0.17,0.79,37,0.28677587994024506,0.08527404154569734,0.42850368764683383,0.008144357380261447
0.17,0.81,37,0.31238282051469113,0.059789206796070436,0.4254209273040509,0.008666371305073084
0.17,0.83,37,0.22255745419248904,0.18551107371824538,0.27163861328137695,0.1038759321581952
0.17,0.85,37,0.18189677068524782,0.28126613061200456,0.2672516081781858,0.10980464033096116
0.17,0.87,37,0.22848641825166646,0.17376712039579467,0.2485179107105046,0.13802862677378366
0.17,0.89,37,0.32079059834497614,0.052889012304871565,0.35131611137176777,0.032997475736106424
0.17,0.91,36,0.19803258193243004,0.2469569149540091,0.3476861749823496,0.03772623582289907
0.17,0.93,36,0.44470950714894986,0.006577899282878783,0.5015125278531041,0.0018330276995869952
0.17,0.95,28,0.167807580068289,0.39335613405634395,0.24144539639954837,0.2158005092339996
0.19,0.45,37,0.23721079704623638,0.15746692188134395,0.34704767397406827,0.0353386267646675
0.19,0.47,37,0.24027057861120568,0.1520214834662476,0.3500118666113596,0.03369895160986046
0.19,0.49,37,0.2410002195376556,0.15074345237857778,0.3590230122287252,0.029092310063617205
0.19,0.51,37,0.2446409002488813,0.14448333588814521,0.3393407731171108,0.03990823210656855
0.19,0.53,37,0.2568665058393616,0.1248548751928744,0.36542566832527446,0.026144769337130686
0.19,0.55,37,0.2734775940921191,0.10146432975370681,0.37206545983280703,0.02335323310110146
0.19,0.57,37,0.2918505503588804,0.07965171450330505,0.4210339222008598,0.009458367665045004
0.19,0.59,37,0.28487862735397385,0.08745310066540166,0.4395304842575576,0.00649134238671867
0.19,0.61,37,0.2805932952231047,0.09253289906219792,0.4854161862828273,0.0023240535318607555
0.19,0.63,37,0.27844874035278117,0.09515862035797988,0.4780649885423448,0.0027659817695784203
0.19,0.65,37,0.2768522971916972,0.09715002381983259,0.45802704631425545,0.004362631370016906
0.19,0.67,37,0.2708294735063962,0.10495071526152684,0.45944985878015526,0.004227462344804846
0.19,0.69,37,0.2926679266482331,0.07877372592516385,0.4608726712460551,0.004095939377249888
0.19,0.71,37,0.3054062460606159,0.06604087273866718,0.42435381795462596,0.008853606695303003
0.19,0.73,37,0.3085546784808422,0.06315868815864173,0.41439413069332715,0.01077409470250042
0.19,0.75,37,0.3216869754210227,0.052192567039293994,0.43443207292141645,0.007215775947276479
0.19,0.77,37,0.3211934318639163,0.05257511542514132,0.4245909533656093,0.008811702995895862
0.19,0.79,37,0.30017673990464544,0.07105611153758,0.42328670860520107,0.009044285798932138
0.19,0.81,37,0.3255364836008939,0.049284604951062704,0.429452229290767,0.007989252169337921
0.19,0.83,37,0.2243197310421403,0.1819633121107498,0.2722314518088352,0.10309378637991937
0.19,0.85,37,0.17665147729975963,0.2956063388851124,0.22243301550234099,0.18576342569202967
0.19,0.87,37,0.2562574155294439,0.12578304558588296,0.2444866087237884,0.14474470932323907
0.19,0.89,37,0.34108057422613713,0.038836907299828353,0.3466919708575933,0.03553968830440565
0.19,0.91,36,0.1776098780189201,0.3000536155058977,0.3882345441491175,0.019293317141539805
0.19,0.93,36,0.4265128034305344,0.00948692176490346,0.4809165308160156,0.002987077715556487
0.19,0.95,28,0.1364678399843516,0.48865653600915526,0.20476321599417482,0.2959156666059697
0.21,0.45,37,0.2862140207585234,0.08591493377811031,0.4055015527814532,0.012777369806248797
0.21,0.47,37,0.29066507555416293,0.08093859144323033,0.4064500944253864,0.01254968467908397
0.21,0.49,37,0.2929650544482414,0.07845643735126441,0.41024426100111927,0.011672971562837833
0.21,0.51,37,0.29389764335592,0.07746702671716733,0.39992887062334553,0.014186782584291582
0.21,0.53,37,0.3095872910262934,0.06223536067737919,0.42067821908438474,0.009525204275859279
0.21,0.55,37,0.3296119705998391,0.04634908929695707,0.4331278281610083,0.007411866674789233
0.21,0.57,37,0.35044540881888886,0.033464434649057725,0.4552999890879474,0.004632200830765519
0.21,0.59,37,0.34644172088067576,0.03568170076845244,0.4662082179931795,0.003633822715353016
0.21,0.61,37,0.3409074504369007,0.038942454447453874,0.48885464974208526,0.002139490358025721
0.21,0.63,37,0.34006504038048074,0.039459370520745864,0.4803177749466862,0.0026233498985242746
0.21,0.65,37,0.3386921722551151,0.040313706990618245,0.4870761341597104,0.002233283702562504
0.21,0.67,37,0.33130829370408155,0.04516950643383759,0.4908703007354433,0.0020373804806734694
0.21,0.69,37,0.3570685021151232,0.030044721274850607,0.5202750916973733,0.0009641107034241186
0.21,0.71,37,0.36953061931783887,0.024388229920821337,0.5116196491964825,0.0012100351290320797
0.21,0.73,37,0.36197788019216265,0.02769971563214556,0.5062841024493582,0.0013878498981182723
0.21,0.75,37,0.3865770294810797,0.018105306553372447,0.48589045710479395,0.0022977955279796917
0.21,0.77,37,0.38686830418585033,0.018011043143327778,0.4849419154608606,0.0023505738196263376
0.21,0.79,37,0.36592504532729014,0.025925652361792666,0.4807920457686528,0.0025941548656096968
0.21,0.81,37,0.39188321026861994,0.01645144542586292,0.4855347539883189,0.002317464527390989
0.21,0.83,37,0.3033318744382464,0.06799577408108572,0.35511027794750066,0.031024489449795637
0.21,0.85,37,0.24580983465476766,0.1425143613395447,0.3216741849988545,0.0522024527936597
0.21,0.87,37,0.33383595807921257,0.043456840617823865,0.3133744456144388,0.05894006735691015
0.21,0.89,37,0.40663900857250185,0.012504750827225514,0.41142993805603584,0.011409886310461363
0.21,0.91,36,0.18049638158120554,0.29213893231816745,0.4417841364455475,0.006985992755684548
0.21,0.93,36,0.4307836791940067,0.008720725406556787,0.5715389177792048,0.0002715308751956967
0.21,0.95,28,0.13589639591849684,0.49049589786977293,0.24692034869885787,0.20525059245649857
0.23,0.45,37,0.35202409511472393,0.032621726307432895,0.4186625680910267,0.009911599259891905
0.23,0.47,37,0.3587491982358408,0.029224220545076764,0.43182358340060006,0.007612509015524102
0.23,0.49,37,0.36451675798102,0.02654750911650397,0.450320145457298,0.005161794642556977
0.23,0.51,37,0.3672828786029778,0.02533752552703829,0.42968936470175034,0.007950873362119845
0.23,0.53,37,0.3876532707579376,0.017759053352011885,0.4477116559364816,0.005459507663572133
0.23,0.55,37,0.41447504479007097,0.010757170496459991,0.47320371261718697,0.0030970244982282606
0.23,0.57,37,0.4422350850462872,0.006133096894613337,0.5017785296406754,0.0015555415450448792
0.23,0.59,37,0.44923436303022024,0.005283968510020641,0.5056912639218999,0.0014089623318171206
0.23,0.61,37,0.446108253026041,0.005649766226861016,0.5493241795428282,0.00042964260447273564
0.23,0.63,37,0.44422191316867454,0.0058808931439492925,0.5232392843346646,0.0008907010576597537
0.23,0.65,37,0.44480244962217724,0.005808909569803478,0.5180223052930318,0.0010234330837186638
0.23,0.67,37,0.42541538893612063,0.008667334265062185,0.5179037375875403,0.0010266428578428939
0.23,0.69,37,0.4626756362008993,0.003934385416316599,0.5522883721801196,0.0003939787509099431
0.23,0.71,37,0.477104529055709,0.002828821347663759,0.5205122271083565,0.0009580468983417912
0.23,0.73,37,0.4628627973022408,0.003917936254429683,0.5176666021765569,0.0010330891295209155
0.23,0.75,37,0.4912404141824375,0.0020191028704726562,0.5137538678953324,0.0011447457544079382
0.23,0.77,37,0.49156164775130756,0.0020033558774983124,0.5190894146424567,0.000994942183445331
0.23,0.79,37,0.4737787460896189,0.0030561460143866052,0.5372302735826796,0.0006068638952404936
0.23,0.81,37,0.49545495214912794,0.0018208958328633444,0.542565820329804,0.000521937435032535
0.23,0.83,37,0.3820906116358268,0.019610196935343927,0.4040787403155533,0.013125445113405153
0.23,0.85,37,0.3176053405111174,0.05542409683807204,0.37040551195592386,0.024026791888015268
0.23,0.87,37,0.3963509965920824,0.015159089102077127,0.3865307199027887,0.01812033142073185
0.23,0.89,37,0.45717616487221685,0.0044452427250999274,0.4984586338869091,0.0016902691077429672
0.23,0.91,36,0.19166525062541873,0.2627874133022488,0.48529318018639683,0.0026993809304512403
0.23,0.93,36,0.43289765286063137,0.008361437728408609,0.5595674945013972,0.00038791681393992124
0.23,0.95,28,0.14045042976482297,0.4759351812274871,0.24363537731927218,0.21153733619282508
0.25,0.45,37,0.3403091580867121,0.03930900623511579,0.41522410463176873,0.01060156507861854
0.25,0.47,37,0.3476050011348305,0.035025464131149875,0.4059758236034197,0.012663094199941948
0.25,0.49,37,0.35464627908502355,0.03126044593768778,0.4225753023722512,0.009173343317282553
0.25,0.51,37,0.3593759500394155,0.028923004667465328,0.413089885932919,0.01105003213261513
0.25,0.53,37,0.3820085270378176,0.019638674895272684,0.4179511618580767,0.010051123760323834
0.25,0.55,37,0.4135159312165776,0.01095924161988441,0.4624140514174466,0.003957475939600705
0.25,0.57,37,0.4460140570154357,0.005661119076724822,0.5156509511831987,0.0010893440041179385
0.25,0.59,37,0.4594257309602778,0.0042297238957949845,0.5281005602598223,0.0007809864199528258
0.25,0.61,37,0.4571361371459315,0.004449162129542354,0.5426843880352956,0.0005201769642972952
0.25,0.63,37,0.45395294121430746,0.004770594611696984,0.5315390237190802,0.0007107969517886651
0.25,0.65,37,0.45626272715064503,0.00453543246751925,0.5372302735826796,0.0006068638952404936
0.25,0.67,37,0.4281584913035566,0.008201439653157807,0.5256106384444976,0.000835584402613519
0.25,0.69,37,0.4664229681140125,0.0036162129511963406,0.5362817319387464,0.0006231861583828991
0.25,0.71,37,0.4878209531966279,0.0021935748436455907,0.5215793364577814,0.000931175520397114
0.25,0.73,37,0.48173684765443775,0.002536840159342348,0.5318947268355552,0.0007038659368992122
0.25,0.75,37,0.5078890376664066,0.001332086902554599,0.5318947268355552,0.0007038659368992122
0.25,0.77,37,0.5085784263679157,0.001308747369207208,0.5289305341982639,0.0007635037582446965
0.25,0.79,37,0.48695745257771106,0.0022396688315216772,0.5205122271083565,0.0009580468983417912
0.25,0.81,37,0.511059011927903,0.0012277220203370353,0.513516732484349,0.0011518430619643087
0.25,0.83,37,0.38403645378106077,0.0189451474932244,0.3821437147995975,0.019591792005233942
0.25,0.85,37,0.3277170051233674,0.04769599432631099,0.3420678303434188,0.03823944619828055
0.25,0.87,37,0.3900850925718983,0.016997063560626736,0.35665165811889216,0.030251123872690414
0.25,0.89,37,0.4656840505571195,0.0036771184166309156,0.4679867335755543,0.003490204379317494
0.25,0.91,36,0.19292381575943543,0.2596065304183571,0.4685589325937625,0.003948154637129036
0.25,0.93,36,0.4315308318251226,0.008592264327096465,0.5676771683347507,0.00030509906359381736
0.25,0.95,28,0.13395631911631706,0.49676663992788384,0.2313167346458258,0.23627280649865592
0.27,0.45,37,0.38532859929831687,0.018514020667308513,0.43040077093470036,0.007836682519792006
0.27,0.47,37,0.3935743793182292,0.015951777653611922,0.4289779584688005,0.008066485723535525
0.27,0.49,37,0.40108510941247577,0.013884042595915604,0.441783270661899,0.006191731265227079
0.27,0.51,37,0.40602029832811015,0.012652422507009316,0.44901590069688985,0.005308849646011441
0.27,0.53,37,0.4287643296712565,0.008101482712903023,0.49656155059904267,0.0017717746688268752
0.27,0.55,37,0.462547740715278,0.003945660309369609,0.4992886078253506,0.0016556596679918804
0.27,0.57,37,0.4983389974823535,0.001695309965423581,0.5578610543382272,0.0003340117228596432
0.27,0.59,37,0.5214253443357267,0.0009350115894406863,0.563433736496335,0.00028234144183475756
0.27,0.61,37,0.5248064489024062,0.0008539272454887367,0.5679393093050177,0.00024592910306155716
0.27,0.63,37,0.5191323375813162,0.0009938110081049662,0.5825231370804912,0.0001551142493063875
0.27,0.65,37,0.5233461595984561,0.0008881493573277754,0.5569125126942941,0.0003436031481708879
0.27,0.67,37,0.4825749267659343,0.0024869292718398793,0.5426843880352956,0.0005201769642972952
0.27,0.69,37,0.5232169759114207,0.0008912345009652849,0.5520512367691361,0.0003967313146295461
0.27,0.71,37,0.5511136497895259,0.00040778333333843985,0.5471899608439784,0.00045707586567739515
0.27,0.73,37,0.5518822174896476,0.00039870368320944495,0.5431586588572623,0.0005131878502373692
0.27,0.75,37,0.5775464400592357,0.00018197765004881875,0.5406687370419375,0.000550835863496438
0.27,0.77,37,0.577101903336735,0.00018456944556726,0.5637894396128098,0.00027930058450774533
0.27,0.79,37,0.5511631199502317,0.0004071933965717723,0.5298790758421971,0.0007439495129214537
0.27,0.81,37,0.5734582124510353,0.00020709527688193862,0.5266777477939225,0.0008117841896868825
0.27,0.83,37,0.4304957139717703,0.007821549564419645,0.41522410463176873,0.01060156507861854
0.27,0.85,37,0.3782765061589486,0.020970410717463223,0.37230259524379034,0.02325830236399843
0.27,0.87,37,0.4229945715955743,0.009097094131376365,0.38487077202590547,0.018665826868655946
0.27,0.89,37,0.5120612846237754,0.0011962612708712878,0.4919374100848682,0.0019850726580722517
0.27,0.91,36,0.21473029530730708,0.20852045128727886,0.45324065979742795,0.005502534732388281
0.27,0.93,36,0.44243718601528675,0.006893057368929209,0.5880157154088755,0.0001624078252656889
0.27,0.95,28,0.14406477898619982,0.4645397695065607,0.24445662016416855,0.20995351816505042
0.29,0.45,37,0.4241663481187198,0.008886854430599295,0.46039840042408847,0.004139380318999274
0.29,0.47,37,0.4322611280731295,0.007544685457598779,0.46869813980850417,0.0034341548101263237
0.29,0.49,37,0.4397126382210732,0.006466661985515798,0.46359972847236314,0.0038537480150020835
0.29,0.51,37,0.4451136996202677,0.005770629799684997,0.47320371261718697,0.0030970244982282606
0.29,0.53,37,0.467883578114661,0.0034983973873001393,0.47427082196661186,0.0030215391651376043
0.29,0.55,37,0.502139219981879,0.0015414894373052231,0.5133981647788574,0.0011554062697393629
0.29,0.57,37,0.5379610369022962,0.0005945495547632897,0.5537111846460194,0.00037781851174259603
0.29,0.59,37,0.5627708098140605,0.0002880879167376055,0.5695992571819009,0.00023361408351439342
0.29,0.61,37,0.5684170242994034,0.0002423266855553362,0.5775432934498416,0.00018199588033032037
0.29,0.63,37,0.5622368986172961,0.00029279192068344125,0.594498475335148,0.00010448168275405891
0.29,0.65,37,0.5663047721905518,0.00025862099087353057,0.597225532561456,9.528057595586481e-05
0.29,0.67,37,0.5200356603433803,0.0009702676591947608,0.5723263144082088,0.00021457863724663344
0.29,0.69,37,0.5652942241841432,0.0002667582531074462,0.5837088141354076,0.00014926541121711235
0.29,0.71,37,0.5944109487852773,0.0001047898332464759,0.594854178451623,0.00010323776557784863
0.29,0.73,37,0.597346745897883,9.488912127738988e-05,0.5726820175246838,0.00021220123554664065
0.29,0.75,37,0.6170854887321189,4.744017311080254e-05,0.5876215484166321,0.00013134482525104822
0.29,0.77,37,0.612398113529534,5.616557087096859e-05,0.6038653240689886,7.585653872300218e-05
0.29,0.79,37,0.580581581841209,0.00016513799752239234,0.5939056368076898,0.00010658493762940861
0.29,0.81,37,0.5965507388379205,9.748655556103908e-05,0.5607066792700269,0.0003066571132103564
0.29,0.83,37,0.45544261908864053,0.004617752761924361,0.45506285367696414,0.0046563086786304666
0.29,0.85,37,0.4062866461511503,0.012588671594242975,0.39376334993777956,0.01589674594138806
0.29,0.87,37,0.4426290659995431,0.0060823586532177025,0.4108370995285776,0.011540792961294555
0.29,0.89,37,0.531664854528976,0.0007083381927163843,0.5069955086823081,0.0013628834082025447
0.29,0.91,36,0.23705282489760604,0.16390575756686696,0.49237305416789606,0.0022850256690078257
0.29,0.93,36,0.4517410621561929,0.005679769490891129,0.5931647146681477,0.00013751758999828087
0.29,0.95,28,0.15321696169961233,0.4363349984337094,0.24281413447437572,0.21312926033410023
0.31,0.45,37,0.44910767948229946,0.005298384472712241,0.47498222819956176,0.0029721113710979015
0.31,0.47,37,0.45734320199377143,0.004428919175485451,0.4785392593643114,0.002735403867702726
0.31,0.49,37,0.4650122352885644,0.003733264723006927,0.4917002746738849,0.0019965936765339518
0.31,0.51,37,0.4713580863068739,0.003231464795271686,0.4913445715574099,0.0020139851843560706
0.31,0.53,37,0.4946234524440847,0.0018585886400783078,0.4934787902562597,0.0019115975215798886
0.31,0.55,37,0.5293954965324197,0.0007538622712735103,0.5167180605326237,0.001059233642040375
0.31,0.57,37,0.5662017613739527,0.0002594401641385403,0.5550154294064276,0.0003635278415436946
0.31,0.59,37,0.5928027272962882,0.00011059963230268176,0.562722330263385,0.0002885122336806497
0.31,0.61,37,0.6004680387713459,8.52956318931847e-05,0.5704292311203425,0.0002276664150087866
0.31,0.63,37,0.5950580403902563,0.00010253088225481941,0.5623666271469101,0.0002916426734212927
0.31,0.65,37,0.5989903956821897,8.972234553203283e-05,0.5723263144082088,0.00021457863724663344
0.31,0.67,37,0.5497119353578274,0.00042481919877008253,0.5850130588958157,0.0001430614691158451
0.31,0.69,37,0.5988579245693822,9.012915485776888e-05,0.5908228764649067,0.000118149843844776
0.31,0.71,37,0.628605401722218,3.096332226223966e-05,0.6065923812952967,6.897407122285247e-05
0.31,0.73,37,0.6280743665998395,3.1590228803019134e-05,0.5871472775946656,0.00013340858760354938
0.31,0.75,37,0.6448828742245146,1.644257983055629e-05,0.5931942305747399,0.00010915918283062507
0.31,0.77,37,0.6370926767979787,2.2361311465920016e-05,0.5819302985530327,0.00015811526492194667
0.31,0.79,37,0.6020382309718252,8.080860765243866e-05,0.5735119914631255,0.00020674562720420664
0.31,0.81,37,0.6111684890133627,5.8682983966012705e-05,0.5534740492350361,0.00038047006262274515
0.31,0.83,37,0.4726444470693953,0.003137238357200236,0.4516243902177062,0.005018271704600729
0.31,0.85,37,0.4256653974240222,0.00862395608533307,0.4049087142539949,0.0129214401518275
0.31,0.87,37,0.45811068108009567,0.0043545836178897806,0.41818829726906004,0.010004430965466396
0.31,0.89,37,0.5440406060515476,0.0005004130635784652,0.4963244151880593,0.001782201800447183
0.31,0.91,36,0.24898862599479732,0.1430889878911302,0.481302705760461,0.002960661122933146
0.31,0.93,36,0.45453326786009923,0.005353607971692456,0.5971551890940836,0.00012064681256858866
0.31,0.95,28,0.1574380268283079,0.4236470357552717,0.22666302519141274,0.24609828933208916
0.33,0.45,37,0.4588643677661115,0.004282638568616828,0.4649039732327713,0.003742381958113204
0.33,0.47,37,0.4670347383995988,0.0035664531460682844,0.46134694206802174,0.004052894466507195
0.33,0.49,37,0.47451232887569145,0.003004679752794236,0.458857020252697,0.004283334939652801
0.33,0.51,37,0.4809946316780239,0.0025817709439276545,0.4484230621694315,0.005376879606189738
0.33,0.53,37,0.5036332468557995,0.0014844665713490894,0.47877639477529466,0.0027202259165562312
0.33,0.55,37,0.5374762048067034,0.0006026945357053112,0.5069955086823081,0.0013628834082025447
0.33,0.57,37,0.5738270658897727,0.00020470776260825922,0.5533554815295444,0.00038180206035774125
0.33,0.59,37,0.5995251282219801,8.80970117819413e-05,0.5909414441703984,0.00011768493789793712
0.33,0.61,37,0.6065922503290488,6.897438772920547e-05,0.5746976685180419,0.00019917020757527945
0.33,0.63,37,0.6000696576726356,8.646925641551645e-05,0.5852501943067991,0.00014195874221014173
0.33,0.65,37,0.6037658940864175,7.61188062794426e-05,0.5865544390672073,0.00013602931985015143
0.33,0.67,37,0.5572085399909431,0.0003405836959250792,0.5901114702319569,0.0001209741962107056
0.33,0.69,37,0.6044022968693485,7.445421653914376e-05,0.608845167699638,6.371994681658061e-05
0.33,0.71,37,0.631355155779178,2.789408389170787e-05,0.5979369387944059,9.30037645179747e-05
0.33,0.73,37,0.6293432742877327,3.0110979456138233e-05,0.6031539178360387,7.775113954894198e-05
0.33,0.75,37,0.6414044183200945,1.888209726392981e-05,0.5760019132784501,0.00019112585832077114
0.33,0.77,37,0.6316183619051663,2.761529563483398e-05,0.5723263144082088,0.00021457863724663344
0.33,0.79,37,0.5982025441932304,9.216637701274776e-05,0.5602324084480603,0.0003110721249064103
0.33,0.81,37,0.6023004380195837,8.008044581893757e-05,0.5294048050202306,0.0007536703581866199
0.33,0.83,37,0.47291098667163217,0.003118016495164961,0.42992650011273364,0.007912652500664143
0.33,0.85,37,0.4316112185790359,0.00764561546399429,0.4094142870626777,0.01186017704098235
0.33,0.87,37,0.4589199838724351,0.00427737065499731,0.39732038110252915,0.014890271625564255
0.33,0.89,37,0.5437600872782524,0.0005044452327854818,0.4939530610782263,0.001889475338116688
0.33,0.91,36,0.2596182746177446,0.1262422166776257,0.4868378799641785,0.002603776718546061
0.33,0.93,36,0.4578686943415247,0.004985267162020256,0.58119329139034,0.00020159506030870188
0.33,0.95,28,0.1638186571910541,0.40485916620156226,0.23788667740499722,0.22285160573480245
0.35,0.45,37,0.45106844425129733,0.005079022241367614,0.46371829617785476,0.003843506275514046
0.35,0.47,37,0.458693065845005,0.004298899503109711,0.45814561401974707,0.0043512260078297305
0.35,0.49,37,0.4651698586996355,0.003720025051519609,0.4640739992943297,0.0038129227514945006
0.35,0.51,37,0.471113503058873,0.0032496568152304787,0.43514347915436646,0.007110705781835867
0.35,0.53,37,0.49219615152214635,0.0019725685030236115,0.45684136925933894,0.00447811728751002
0.35,0.55,37,0.5239069957804372,0.0008748649788406967,0.4913445715574099,0.0020139851843560706
0.35,0.57,37,0.5587063586792341,0.0003256666959621382,0.5156509511831987,0.0010893440041179385
0.35,0.59,37,0.5825913570905982,0.00015477221938602745,0.5640265750237933,0.00027728967195740525
0.35,0.61,37,0.5881668195540081,0.00012900766193206232,0.5684135801269844,0.00024235248762730487
0.35,0.63,37,0.5817715630124431,0.00015892761323033333,0.5497984503647948,0.0004237496296867929
0.35,0.65,37,0.58459172152327,0.00014503980120810528,0.5413801432748875,0.0005398361834120045
0.35,0.67,37,0.5410300746857344,0.0005452242193996731,0.5441072005011955,0.0004994600648991132
0.35,0.69,37,0.5863679062898842,0.0001368634479318705,0.5794403767377081,0.00017129786044802018
0.35,0.71,37,0.6091298132654447,6.308250151655705e-05,0.5891629285880235,0.0001248345812754549
0.35,0.73,37,0.6053288004631995,7.208959438421895e-05,0.5499170180702865,0.00042228770223603324
0.35,0.75,37,0.6174120964121583,4.688061932651001e-05,0.5497984503647948,0.0004237496296867929
0.35,0.77,37,0.6094132061311401,6.245359619831254e-05,0.5438700650902122,0.0005028609780937362
0.35,0.79,37,0.5823203715598553,0.00015613485710079048,0.5353331902948132,0.0006398975948782205
0.35,0.81,37,0.583348064900721,0.00015102359666224738,0.4922931132013431,0.001967900483677906
0.35,0.83,37,0.4570347991665521,0.004459098249719711,0.39139199582794654,0.016599017728028746
0.35,0.85,37,0.42422160385998003,0.008877043773973976,0.36601850685273274,0.02588481238181242
0.35,0.87,37,0.44104727875337546,0.006288278080038609,0.37751957428542304,0.021249490653071086
0.35,0.89,37,0.5231353499120261,0.000893188770687966,0.4694095460414541,0.0033788900496570695
0.35,0.91,36,0.2571118102834923,0.13007489202319802,0.44937891035297384,0.005968915370010768
0.35,0.93,36,0.4551602425785476,0.005282631853311237,0.5549333951680522,0.0004437565227709047
0.35,0.95,28,0.1630496016289826,0.4070984687596066,0.24965782484851262,0.20011020220370404
0.37,0.45,37,0.4284587684684872,0.008151766000429737,0.4451031664156653,0.0057719216855992884
0.37,0.47,37,0.4354320465135095,0.007068462079243803,0.45067584857377296,0.00512230469619606
0.37,0.49,37,0.44090096066102386,0.006307625546501811,0.4602798327185968,0.004150302786419204
0.37,0.51,37,0.44559447842925926,0.005711927510237629,0.44925303610787315,0.005281846472422389
0.37,0.53,37,0.4642831997932328,0.003795034487983334,0.4465259788815651,0.005599656627457196
0.37,0.55,37,0.49273750435312325,0.0019466299733709082,0.46288832223941323,0.003915697559016536
0.37,0.57,37,0.5273324093394586,0.0007974823162891583,0.48956605597503516,0.0021029508462854247
0.37,0.59,37,0.5496367984220059,0.0004257500566598777,0.5247806645060561,0.0008545212229415274
0.37,0.61,37,0.5565926189528708,0.0003468929165947594,0.5492056118373365,0.0004311272251931533
0.37,0.63,37,0.5532777180604226,0.00038267792045697545,0.5117382169019743,0.001206323523724149
0.37,0.65,37,0.5555049314010191,0.00035829027989726003,0.5171923313545902,0.0010460891598365316
0.37,0.67,37,0.5172336851871958,0.001044949899125427,0.5096039982031244,0.0012746935577097993
0.37,0.69,37,0.5596807862232637,0.00031627867589283565,0.5278634248488391,0.0007860462575633434
0.37,0.71,37,0.577453059717445,0.00018251935950923598,0.5131610293678741,0.0011625619066382385
0.37,0.73,37,0.5709476291722996,0.00022402078486734263,0.48660186333774386,0.0022588955274696633
0.37,0.75,37,0.5819648887408775,0.00015793874169194247,0.4868389987487271,0.0022460576439119954
0.37,0.77,37,0.5758196072243955,0.00019223245750536226,0.47201803556227045,0.003182819847211531
0.37,0.79,37,0.5551938550042015,0.0003616108573502386,0.4741522542611203,0.003029846429905069
0.37,0.81,37,0.5535456343552743,0.00037966788128330993,0.45506285367696414,0.0046563086786304666
0.37,0.83,37,0.4382408663021925,0.006668403211462889,0.3756224909975567,0.021962559710265544
0.37,0.85,37,0.4052013589562242,0.012850151484301128,0.3740811108261652,0.022556482870580104
0.37,0.87,37,0.4204142387515762,0.009575066079620302,0.36317288192093305,0.027152360518523915
0.37,0.89,37,0.49074662094899824,0.0020435205205217065,0.4440360570662404,0.005904100177181321
0.37,0.91,36,0.24547063417176881,0.14901185126978925,0.41359336550103265,0.01216271106487448
0.37,0.93,36,0.4462403844987599,0.006372619688645444,0.4979082283716135,0.0020009312317276966
0.37,0.95,28,0.15732403334025127,0.4239869919811883,0.2710101388158196,0.1630353229948165
0.39,0.45,37,0.398712894579704,0.014511152121486046,0.41131137035054416,0.0114359663505905
0.39,0.47,37,0.4051639806364544,0.0128592383216488,0.40799147459677787,0.012187022812403678
0.39,0.49,37,0.4096607933141596,0.011804312266373858,0.40443444343202833,0.01303768344795757
0.39,0.51,37,0.4136672063459396,0.010927157618042943,0.40585725589792815,0.012691581703699136
0.39,0.53,37,0.43005112509828186,0.007892628912240771,0.41818829726906004,0.010004430965466396
0.39,0.55,37,0.4551728752164103,0.004645110112303804,0.4268437397699507,0.008421994572353347
0.39,0.57,37,0.4880359609984782,0.002182227705395686,0.4577899109032722,0.00438551983039406
0.39,0.59,37,0.50910849423273,0.0012910477462221008,0.4896846236805268,0.0020969144120307937
0.39,0.61,37,0.5167485378325936,0.0010583845897583115,0.4896846236805268,0.0020969144120307937
0.39,0.63,37,0.5157928489446966,0.0010852969875921508,0.4855347539883189,0.002317464527390989
0.39,0.65,37,0.517892706956067,0.0010269419228739272,0.47023951997989566,0.0033153941856078023
0.39,0.67,37,0.48612077910927876,0.002285137712051318,0.46893527521948747,0.0034156464765490516
0.39,0.69,37,0.5235968897352116,0.0008821884513874684,0.48814324350913524,0.002176585076953133
0.39,0.71,37,0.536268502217718,0.0006234165454702397,0.4847047800498773,0.0023639330068280146
0.39,0.73,37,0.5288147811959786,0.0007659209637559967,0.45790847860876377,0.0043740626280382375
0.39,0.75,37,0.5390001573851938,0.0005774217506023552,0.46763103045907933,0.003518526353196478
0.39,0.77,37,0.5342069745920047,0.000660255680166073,0.4654968117602295,0.0036926924612718575
0.39,0.79,37,0.5214812428983352,0.0009336174961178785,0.4555371244989307,0.004608201096611599
0.39,0.81,37,0.5227902295644027,0.0009014935781858069,0.4394119165520659,0.0065074508431097675
0.39,0.83,37,0.4184698838560799,0.009949225567840279,0.37431824623714843,0.022464250838851594
0.39,0.85,37,0.3868926632960095,0.018003178613808492,0.3675598870241242,0.02521890932779442
0.39,0.87,37,0.39837666817334183,0.01460193819626602,0.3437277782203019,0.03725174689907962
0.39,0.89,37,0.46293908420244784,0.003911248719970769,0.41972967744045153,0.00970540684663956
0.39,0.91,36,0.23335356970167662,0.17077895488142594,0.4134646405195509,0.012192289129374303
0.39,0.93,36,0.4391631862872434,0.007369867740071848,0.45182468500112816,0.005669758434825858
0.39,0.95,28,0.1511605400420783,0.44259013491274435,0.27675883873009455,0.15394743796256283
0.41,0.45,37,0.37576999863842525,0.02190641068583672,0.35831160599577533,0.0294360528734948
0.41,0.47,37,0.3816497423042669,0.019763555280114427,0.36186863716052486,0.027750203585843205
0.41,0.49,37,0.38555572892529394,0.018439093293923226,0.3641214235648663,0.026724274407623497
0.41,0.51,37,0.3887252136183906,0.01741971487673702,0.36791559014059916,0.02506726998238098
0.41,0.53,37,0.40321307977689297,0.013341116168713302,0.38427793349844724,0.01886394572732606
0.41,0.55,37,0.42557736025652354,0.008639209925411073,0.40431587572653666,0.013066882038662974
0.41,0.57,37,0.4565595518737815,0.00450595278072187,0.42269387007774284,0.009151725244370459
0.41,0.59,37,0.4769553185387349,0.002838694666969767,0.4733222803226787,0.003088556871317449
0.41,0.61,37,0.486016324328752,0.0022908706522650987,0.4730851449116954,0.003105512350805184
0.41,0.63,37,0.4865873133392882,0.002259685313921643,0.45281006727262274,0.004890802461624136
0.41,0.65,37,0.4886924381931048,0.00214789940436103,0.450320145457298,0.005161794642556977
0.41,0.67,37,0.4622657425504537,0.003970619588569633,0.4459331403541068,0.005670887151860956
0.41,0.69,37,0.49525771335754876,0.001829775611239235,0.45814561401974707,0.0043512260078297305
0.41,0.71,37,0.5046748169193167,0.0014458197017639912,0.46300688994490485,0.003905312989877436
0.41,0.73,37,0.4964287374372909,0.001777608001413276,0.4349063437433831,0.007145582311790082
0.41,0.75,37,0.5051999803405639,0.001426672066682474,0.4409532967234574,0.00630069933628797
0.41,0.77,37,0.5007445099531498,0.0015964526802715007,0.4509129839847562,0.005096123310720047
0.41,0.79,37,0.49156742024233746,0.0020030738958923496,0.4360920207982996,0.006972656645633751
0.41,0.81,37,0.4955538389749948,0.0018164581655809142,0.4237609794271677,0.008959111156540776
0.41,0.83,37,0.40019781430849466,0.014115872191733944,0.3496561634948846,0.033892364967373904
0.41,0.85,37,0.37268457593328763,0.023106060410260542,0.33270098160957823,0.0442192595732084
0.41,0.87,37,0.3777722142802539,0.021156000719669922,0.31029168527165585,0.06161166501995965
0.41,0.89,37,0.4382549047911782,0.006666453648083233,0.39755751651351245,0.01482512703672015
0.41,0.91,36,0.22413697432418103,0.18879445852936705,0.37085667164907415,0.02596821092150843
0.41,0.93,36,0.4333408107586696,0.008287743967156843,0.4430713862603655,0.006803821258632257
0.41,0.95,28,0.1465288367938025,0.45685374356243263,0.2622502151369244,0.1776050393451503
0.43,0.45,37,0.3653632338857755,0.02617227167471806,0.35843017370126695,0.029378531550182958
0.43,0.47,37,0.37091601354642667,0.023817951617286875,0.3547545748310257,0.031205243217759724
0.43,0.49,37,0.3745175071116168,0.022386992367777386,0.348826189556443,0.03434719346047166
0.43,0.51,37,0.37723876569070175,0.02135380789970281,0.3568887935298754,0.03013356260325484
0.43,0.53,37,0.39058556573478853,0.01684369769931764,0.35890444452323356,0.02914937004058469
0.43,0.55,37,0.4112618089519259,0.011446882810731295,0.37147262130534875,0.023591967644871682
0.43,0.57,37,0.44091354069470534,0.006305960093663032,0.4030116309661284,0.013391732467402771
0.43,0.59,37,0.4608140331161314,0.0041012888335863265,0.4471188174090234,0.0055291990895559575
0.43,0.61,37,0.4707663190215343,0.0032756333825992496,0.4449845987101736,0.005786481089320512
0.43,0.63,37,0.47231338799951744,0.0031612568368900563,0.4340763698049416,0.007268808645232815
0.43,0.65,37,0.47471492573854,0.0029905999475557388,0.43075647405117523,0.007780115752428043
0.43,0.67,37,0.4518189696016313,0.004997158088639414,0.4395304842575576,0.00649134238671867
0.43,0.69,37,0.4821908279791383,0.0025096962400088284,0.4454588695321402,0.00572843276973763
0.43,0.71,37,0.49016189955258793,0.002072769041786226,0.45138725480672287,0.005044107234374839
0.43,0.73,37,0.4817928674365541,0.0025334768615594395,0.43300926045551663,0.007429917535696892
0.43,0.75,37,0.48959501407406425,0.0021014751481476007,0.41913683891299325,0.00981950218475801
0.43,0.77,37,0.4852593301169436,0.0023327954831785323,0.43561774997633296,0.007041390808473548
0.43,0.79,37,0.47762030191779137,0.002794922935484608,0.4315864479896168,0.007649485077920327
0.43,0.81,37,0.4829782272400101,0.002463218725056834,0.42138962531733465,0.009391931341311187
0.43,0.83,37,0.3937526777043784,0.01589984963343597,0.3383922314731776,0.04050234211148458
0.43,0.85,37,0.3680057760505749,0.025028943113832882,0.32760257027343714,0.04777832902291814
0.43,0.87,37,0.370224229044285,0.02410131692311832,0.3080388988673144,0.06362391748293784
0.43,0.89,37,0.4271513041749048,0.008369950143422431,0.37123548589436545,0.02368802668661174
0.43,0.91,36,0.22196030854099272,0.1932375064323408,0.36351934770461136,0.029308651711888935
0.43,0.93,36,0.4315306807289227,0.00859229014153449,0.4417841364455475,0.006985992755684548
0.43,0.95,28,0.14568865019548946,0.4594669164837772,0.25157405815327094,0.19656499215266954
0.45,0.45,37,0.35444365346330325,0.031363947586764064,0.32843254421187873,0.04718375370489928
0.45,0.47,37,0.3596113831864181,0.028810518186729375,0.33210814308212,0.0446217687334884
0.45,0.49,37,0.3629419766418053,0.027257422238112616,0.3466919708575933,0.03553968830440565
0.45,0.51,37,0.3653573641470047,0.026174858520539974,0.3431349396928437,0.03760208491229497
0.45,0.53,37,0.37780952424189934,0.021142223170609868,0.34941902808390124,0.03402181064052398
0.45,0.55,37,0.3971184230493174,0.014945942445218697,0.3683898609625658,0.024866258947615072
0.45,0.57,37,0.4256292856666916,0.00863021023556615,0.38570074596434706,0.018391386741198865
0.45,0.59,37,0.4450666647871334,0.005776400499013117,0.42814798453035885,0.008203182425267956
0.45,0.61,37,0.45541137029895706,0.004620914846185914,0.4293336615852754,0.008008500966722409
0.45,0.63,37,0.4577869996989675,0.004385801466927464,0.421271057611843,0.009414032424707543
0.45,0.65,37,0.46062048886504414,0.004118988583328687,0.41842543268004334,0.009957922993050138
0.45,0.67,37,0.4407138163733822,0.0063324460417956115,0.4308750417566669,0.007761338048259229
0.45,0.69,37,0.46904558911043903,0.003407066139460176,0.44747452052549835,0.005487292738664857
0.45,0.71,37,0.47626193156852237,0.002884972015860217,0.42518379189306754,0.008707684135628287
0.45,0.73,37,0.46824727653542725,0.0034695853163306395,0.41202277658349407,0.011280241916051691
0.45,0.75,37,0.47543296109188166,0.0029411611218974044,0.41320845363841063,0.011024701360161648
0.45,0.77,37,0.47136545753885084,0.0032309179051989785,0.42589519812601745,0.008584247857261152
0.45,0.79,37,0.4644188675570087,0.0037834728486641584,0.39992887062334553,0.014186782584291582
0.45,0.81,37,0.4709160073671143,0.0032644115005716467,0.39909889668490395,0.014407513035052381
0.45,0.83,37,0.38581260990388083,0.018354657239006734,0.3412378564049773,0.03874121975791997
0.45,0.85,37,0.36106682183510164,0.028123098717665482,0.32772113797892877,0.04769302291427824
0.45,0.87,37,0.36296746679703173,0.027245807794161223,0.3041261645860899,0.06724192341765502
0.45,0.89,37,0.4180697004820212,0.01002775994985014,0.3885463708961468,0.017475949240896134
0.45,0.91,36,0.21990726969556476,0.1974949499728144,0.36261827283423875,0.029742176752790367
0.45,0.93,36,0.42962461635721655,0.008923249285205957,0.4546566345937278,0.005339577752530357
0.45,0.95,28,0.1445865467459224,0.46290661690398105,0.25157405815327094,0.19656499215266954
